Domain Code,Domain,Area Code (M49),Area,Element Code,Element,Item Code (FBS),Item,Year Code,Year,Unit,Value,Flag,Flag Description,Note
"FBS","Food Balances (2010-)","788","Tunisia","5511","Production","S2580","Olive Oil","2010","2010","1000 t","196","I","Value imputed by a receiving agency",""
"FBS","Food Balances (2010-)","788","Tunisia","5611","Import quantity","S2580","Olive Oil","2010","2010","1000 t","1","I","Value imputed by a receiving agency",""
"FBS","Food Balances (2010-)","788","Tunisia","5072","Stock Variation","S2580","Olive Oil","2010","2010","1000 t","38","I","Value imputed by a receiving agency",""
"FBS","Food Balances (2010-)","788","Tunisia","5911","Export quantity","S2580","Olive Oil","2010","2010","1000 t","117","I","Value imputed by a receiving agency",""
"FBS","Food Balances (2010-)","788","Tunisia","5301","Domestic supply quantity","S2580","Olive Oil","2010","2010","1000 t","41","I","Value imputed by a receiving agency",""
"FBS","Food Balances (2010-)","788","Tunisia","5154","Other uses (non-food)","S2580","Olive Oil","2010","2010","1000 t","4","I","Value imputed by a receiving agency",""
"FBS","Food Balances (2010-)","788","Tunisia","5170","Residuals","S2580","Olive Oil","2010","2010","1000 t","0","I","Value imputed by a receiving agency",""
"FBS","Food Balances (2010-)","788","Tunisia","5142","Food","S2580","Olive Oil","2010","2010","1000 t","37","I","Value imputed by a receiving agency",""
"FBS","Food Balances (2010-)","788","Tunisia","645","Food supply quantity (kg/capita/yr)","S2580","Olive Oil","2010","2010","kg/cap","3.46","E","Estimated value",""
"FBS","Food Balances (2010-)","788","Tunisia","664","Food supply (kcal/capita/day)","S2580","Olive Oil","2010","2010","kcal/cap/d","85.19","E","Estimated value",""
"FBS","Food Balances (2010-)","788","Tunisia","661","Food supply (kcal)","S2580","Olive Oil","2010","2010","million Kcal","334748.85","I","Value imputed by a receiving agency",""
"FBS","Food Balances (2010-)","788","Tunisia","674","Protein supply quantity (g/capita/day)","S2580","Olive Oil","2010","2010","g/cap/d","0","E","Estimated value",""
"FBS","Food Balances (2010-)","788","Tunisia","671","Protein supply quantity (t)","S2580","Olive Oil","2010","2010","t","0","I","Value imputed by a receiving agency",""
"FBS","Food Balances (2010-)","788","Tunisia","684","Fat supply quantity (g/capita/day)","S2580","Olive Oil","2010","2010","g/cap/d","9.46","E","Estimated value",""
"FBS","Food Balances (2010-)","788","Tunisia","681","Fat supply quantity (t)","S2580","Olive Oil","2010","2010","t","37167.49","I","Value imputed by a receiving agency",""
"FBS","Food Balances (2010-)","788","Tunisia","5511","Production","S2580","Olive Oil","2011","2011","1000 t","125","I","Value imputed by a receiving agency",""
"FBS","Food Balances (2010-)","788","Tunisia","5611","Import quantity","S2580","Olive Oil","2011","2011","1000 t","0","I","Value imputed by a receiving agency",""
"FBS","Food Balances (2010-)","788","Tunisia","5072","Stock Variation","S2580","Olive Oil","2011","2011","1000 t","0","I","Value imputed by a receiving agency",""
"FBS","Food Balances (2010-)","788","Tunisia","5911","Export quantity","S2580","Olive Oil","2011","2011","1000 t","105","I","Value imputed by a receiving agency",""
"FBS","Food Balances (2010-)","788","Tunisia","5301","Domestic supply quantity","S2580","Olive Oil","2011","2011","1000 t","21","I","Value imputed by a receiving agency",""
"FBS","Food Balances (2010-)","788","Tunisia","5154","Other uses (non-food)","S2580","Olive Oil","2011","2011","1000 t","3","I","Value imputed by a receiving agency",""
"FBS","Food Balances (2010-)","788","Tunisia","5170","Residuals","S2580","Olive Oil","2011","2011","1000 t","0","I","Value imputed by a receiving agency",""
"FBS","Food Balances (2010-)","788","Tunisia","5142","Food","S2580","Olive Oil","2011","2011","1000 t","18","I","Value imputed by a receiving agency",""
"FBS","Food Balances (2010-)","788","Tunisia","645","Food supply quantity (kg/capita/yr)","S2580","Olive Oil","2011","2011","kg/cap","1.69","E","Estimated value",""
"FBS","Food Balances (2010-)","788","Tunisia","664","Food supply (kcal/capita/day)","S2580","Olive Oil","2011","2011","kcal/cap/d","41.61","E","Estimated value",""
"FBS","Food Balances (2010-)","788","Tunisia","661","Food supply (kcal)","S2580","Olive Oil","2011","2011","million Kcal","165352.54","I","Value imputed by a receiving agency",""
"FBS","Food Balances (2010-)","788","Tunisia","674","Protein supply quantity (g/capita/day)","S2580","Olive Oil","2011","2011","g/cap/d","0","E","Estimated value",""
"FBS","Food Balances (2010-)","788","Tunisia","671","Protein supply quantity (t)","S2580","Olive Oil","2011","2011","t","0","I","Value imputed by a receiving agency",""
"FBS","Food Balances (2010-)","788","Tunisia","684","Fat supply quantity (g/capita/day)","S2580","Olive Oil","2011","2011","g/cap/d","4.62","E","Estimated value",""
"FBS","Food Balances (2010-)","788","Tunisia","681","Fat supply quantity (t)","S2580","Olive Oil","2011","2011","t","18360.61","I","Value imputed by a receiving agency",""
"FBS","Food Balances (2010-)","788","Tunisia","5511","Production","S2580","Olive Oil","2012","2012","1000 t","214","I","Value imputed by a receiving agency",""
"FBS","Food Balances (2010-)","788","Tunisia","5611","Import quantity","S2580","Olive Oil","2012","2012","1000 t","0","I","Value imputed by a receiving agency",""
"FBS","Food Balances (2010-)","788","Tunisia","5072","Stock Variation","S2580","Olive Oil","2012","2012","1000 t","11","I","Value imputed by a receiving agency",""
"FBS","Food Balances (2010-)","788","Tunisia","5911","Export quantity","S2580","Olive Oil","2012","2012","1000 t","168","I","Value imputed by a receiving agency",""
"FBS","Food Balances (2010-)","788","Tunisia","5301","Domestic supply quantity","S2580","Olive Oil","2012","2012","1000 t","35","I","Value imputed by a receiving agency",""
"FBS","Food Balances (2010-)","788","Tunisia","5154","Other uses (non-food)","S2580","Olive Oil","2012","2012","1000 t","2","I","Value imputed by a receiving agency",""
"FBS","Food Balances (2010-)","788","Tunisia","5170","Residuals","S2580","Olive Oil","2012","2012","1000 t","0","I","Value imputed by a receiving agency",""
"FBS","Food Balances (2010-)","788","Tunisia","5142","Food","S2580","Olive Oil","2012","2012","1000 t","33","I","Value imputed by a receiving agency",""
"FBS","Food Balances (2010-)","788","Tunisia","645","Food supply quantity (kg/capita/yr)","S2580","Olive Oil","2012","2012","kg/cap","3.02","E","Estimated value",""
"FBS","Food Balances (2010-)","788","Tunisia","664","Food supply (kcal/capita/day)","S2580","Olive Oil","2012","2012","kcal/cap/d","74.41","E","Estimated value",""
"FBS","Food Balances (2010-)","788","Tunisia","661","Food supply (kcal)","S2580","Olive Oil","2012","2012","million Kcal","299022.5","I","Value imputed by a receiving agency",""
"FBS","Food Balances (2010-)","788","Tunisia","674","Protein supply quantity (g/capita/day)","S2580","Olive Oil","2012","2012","g/cap/d","0","E","Estimated value",""
"FBS","Food Balances (2010-)","788","Tunisia","671","Protein supply quantity (t)","S2580","Olive Oil","2012","2012","t","0","I","Value imputed by a receiving agency",""
"FBS","Food Balances (2010-)","788","Tunisia","684","Fat supply quantity (g/capita/day)","S2580","Olive Oil","2012","2012","g/cap/d","8.26","E","Estimated value",""
"FBS","Food Balances (2010-)","788","Tunisia","681","Fat supply quantity (t)","S2580","Olive Oil","2012","2012","t","33196.84","I","Value imputed by a receiving agency",""
"FBS","Food Balances (2010-)","788","Tunisia","5511","Production","S2580","Olive Oil","2013","2013","1000 t","202","I","Value imputed by a receiving agency",""
"FBS","Food Balances (2010-)","788","Tunisia","5611","Import quantity","S2580","Olive Oil","2013","2013","1000 t","0","I","Value imputed by a receiving agency",""
"FBS","Food Balances (2010-)","788","Tunisia","5072","Stock Variation","S2580","Olive Oil","2013","2013","1000 t","11","I","Value imputed by a receiving agency",""
"FBS","Food Balances (2010-)","788","Tunisia","5911","Export quantity","S2580","Olive Oil","2013","2013","1000 t","157","I","Value imputed by a receiving agency",""
"FBS","Food Balances (2010-)","788","Tunisia","5301","Domestic supply quantity","S2580","Olive Oil","2013","2013","1000 t","35","I","Value imputed by a receiving agency",""
"FBS","Food Balances (2010-)","788","Tunisia","5154","Other uses (non-food)","S2580","Olive Oil","2013","2013","1000 t","2","I","Value imputed by a receiving agency",""
"FBS","Food Balances (2010-)","788","Tunisia","5170","Residuals","S2580","Olive Oil","2013","2013","1000 t","0","I","Value imputed by a receiving agency",""
"FBS","Food Balances (2010-)","788","Tunisia","5142","Food","S2580","Olive Oil","2013","2013","1000 t","33","I","Value imputed by a receiving agency",""
"FBS","Food Balances (2010-)","788","Tunisia","645","Food supply quantity (kg/capita/yr)","S2580","Olive Oil","2013","2013","kg/cap","2.95","E","Estimated value",""
"FBS","Food Balances (2010-)","788","Tunisia","664","Food supply (kcal/capita/day)","S2580","Olive Oil","2013","2013","kcal/cap/d","72.64","E","Estimated value",""
"FBS","Food Balances (2010-)","788","Tunisia","661","Food supply (kcal)","S2580","Olive Oil","2013","2013","million Kcal","295384.98","I","Value imputed by a receiving agency",""
"FBS","Food Balances (2010-)","788","Tunisia","674","Protein supply quantity (g/capita/day)","S2580","Olive Oil","2013","2013","g/cap/d","0","E","Estimated value",""
"FBS","Food Balances (2010-)","788","Tunisia","671","Protein supply quantity (t)","S2580","Olive Oil","2013","2013","t","0","I","Value imputed by a receiving agency",""
"FBS","Food Balances (2010-)","788","Tunisia","684","Fat supply quantity (g/capita/day)","S2580","Olive Oil","2013","2013","g/cap/d","8.06","E","Estimated value",""
"FBS","Food Balances (2010-)","788","Tunisia","681","Fat supply quantity (t)","S2580","Olive Oil","2013","2013","t","32792.27","I","Value imputed by a receiving agency",""
"FBS","Food Balances (2010-)","788","Tunisia","5511","Production","S2580","Olive Oil","2014","2014","1000 t","189","I","Value imputed by a receiving agency",""
"FBS","Food Balances (2010-)","788","Tunisia","5611","Import quantity","S2580","Olive Oil","2014","2014","1000 t","3","I","Value imputed by a receiving agency",""
"FBS","Food Balances (2010-)","788","Tunisia","5072","Stock Variation","S2580","Olive Oil","2014","2014","1000 t","56","I","Value imputed by a receiving agency",""
"FBS","Food Balances (2010-)","788","Tunisia","5911","Export quantity","S2580","Olive Oil","2014","2014","1000 t","101","I","Value imputed by a receiving agency",""
"FBS","Food Balances (2010-)","788","Tunisia","5301","Domestic supply quantity","S2580","Olive Oil","2014","2014","1000 t","35","I","Value imputed by a receiving agency",""
"FBS","Food Balances (2010-)","788","Tunisia","5154","Other uses (non-food)","S2580","Olive Oil","2014","2014","1000 t","2","I","Value imputed by a receiving agency",""
"FBS","Food Balances (2010-)","788","Tunisia","5170","Residuals","S2580","Olive Oil","2014","2014","1000 t","0","I","Value imputed by a receiving agency",""
"FBS","Food Balances (2010-)","788","Tunisia","5142","Food","S2580","Olive Oil","2014","2014","1000 t","33","I","Value imputed by a receiving agency",""
"FBS","Food Balances (2010-)","788","Tunisia","645","Food supply quantity (kg/capita/yr)","S2580","Olive Oil","2014","2014","kg/cap","2.95","E","Estimated value",""
"FBS","Food Balances (2010-)","788","Tunisia","664","Food supply (kcal/capita/day)","S2580","Olive Oil","2014","2014","kcal/cap/d","72.65","E","Estimated value",""
"FBS","Food Balances (2010-)","788","Tunisia","661","Food supply (kcal)","S2580","Olive Oil","2014","2014","million Kcal","298962.12","I","Value imputed by a receiving agency",""
"FBS","Food Balances (2010-)","788","Tunisia","674","Protein supply quantity (g/capita/day)","S2580","Olive Oil","2014","2014","g/cap/d","0","E","Estimated value",""
"FBS","Food Balances (2010-)","788","Tunisia","671","Protein supply quantity (t)","S2580","Olive Oil","2014","2014","t","0","I","Value imputed by a receiving agency",""
"FBS","Food Balances (2010-)","788","Tunisia","684","Fat supply quantity (g/capita/day)","S2580","Olive Oil","2014","2014","g/cap/d","8.07","E","Estimated value",""
"FBS","Food Balances (2010-)","788","Tunisia","681","Fat supply quantity (t)","S2580","Olive Oil","2014","2014","t","33188.85","I","Value imputed by a receiving agency",""
"FBS","Food Balances (2010-)","788","Tunisia","5511","Production","S2580","Olive Oil","2015","2015","1000 t","322","I","Value imputed by a receiving agency",""
"FBS","Food Balances (2010-)","788","Tunisia","5611","Import quantity","S2580","Olive Oil","2015","2015","1000 t","2","I","Value imputed by a receiving agency",""
"FBS","Food Balances (2010-)","788","Tunisia","5072","Stock Variation","S2580","Olive Oil","2015","2015","1000 t","-15","I","Value imputed by a receiving agency",""
"FBS","Food Balances (2010-)","788","Tunisia","5911","Export quantity","S2580","Olive Oil","2015","2015","1000 t","307","I","Value imputed by a receiving agency",""
"FBS","Food Balances (2010-)","788","Tunisia","5301","Domestic supply quantity","S2580","Olive Oil","2015","2015","1000 t","32","I","Value imputed by a receiving agency",""
"FBS","Food Balances (2010-)","788","Tunisia","5154","Other uses (non-food)","S2580","Olive Oil","2015","2015","1000 t","0","I","Value imputed by a receiving agency",""
"FBS","Food Balances (2010-)","788","Tunisia","5170","Residuals","S2580","Olive Oil","2015","2015","1000 t","0","I","Value imputed by a receiving agency",""
"FBS","Food Balances (2010-)","788","Tunisia","5142","Food","S2580","Olive Oil","2015","2015","1000 t","32","I","Value imputed by a receiving agency",""
"FBS","Food Balances (2010-)","788","Tunisia","645","Food supply quantity (kg/capita/yr)","S2580","Olive Oil","2015","2015","kg/cap","2.79","E","Estimated value",""
"FBS","Food Balances (2010-)","788","Tunisia","664","Food supply (kcal/capita/day)","S2580","Olive Oil","2015","2015","kcal/cap/d","68.69","E","Estimated value",""
"FBS","Food Balances (2010-)","788","Tunisia","661","Food supply (kcal)","S2580","Olive Oil","2015","2015","million Kcal","285855.92","I","Value imputed by a receiving agency",""
"FBS","Food Balances (2010-)","788","Tunisia","674","Protein supply quantity (g/capita/day)","S2580","Olive Oil","2015","2015","g/cap/d","0","E","Estimated value",""
"FBS","Food Balances (2010-)","788","Tunisia","671","Protein supply quantity (t)","S2580","Olive Oil","2015","2015","t","0","I","Value imputed by a receiving agency",""
"FBS","Food Balances (2010-)","788","Tunisia","684","Fat supply quantity (g/capita/day)","S2580","Olive Oil","2015","2015","g/cap/d","7.62","E","Estimated value",""
"FBS","Food Balances (2010-)","788","Tunisia","681","Fat supply quantity (t)","S2580","Olive Oil","2015","2015","t","31732.95","I","Value imputed by a receiving agency",""
"FBS","Food Balances (2010-)","788","Tunisia","5511","Production","S2580","Olive Oil","2016","2016","1000 t","153","I","Value imputed by a receiving agency",""
"FBS","Food Balances (2010-)","788","Tunisia","5611","Import quantity","S2580","Olive Oil","2016","2016","1000 t","6","I","Value imputed by a receiving agency",""
"FBS","Food Balances (2010-)","788","Tunisia","5072","Stock Variation","S2580","Olive Oil","2016","2016","1000 t","0","I","Value imputed by a receiving agency",""
"FBS","Food Balances (2010-)","788","Tunisia","5911","Export quantity","S2580","Olive Oil","2016","2016","1000 t","115","I","Value imputed by a receiving agency",""
"FBS","Food Balances (2010-)","788","Tunisia","5301","Domestic supply quantity","S2580","Olive Oil","2016","2016","1000 t","44","I","Value imputed by a receiving agency",""
"FBS","Food Balances (2010-)","788","Tunisia","5154","Other uses (non-food)","S2580","Olive Oil","2016","2016","1000 t","0","I","Value imputed by a receiving agency",""
"FBS","Food Balances (2010-)","788","Tunisia","5170","Residuals","S2580","Olive Oil","2016","2016","1000 t","11","I","Value imputed by a receiving agency",""
"FBS","Food Balances (2010-)","788","Tunisia","5142","Food","S2580","Olive Oil","2016","2016","1000 t","32","I","Value imputed by a receiving agency",""
"FBS","Food Balances (2010-)","788","Tunisia","645","Food supply quantity (kg/capita/yr)","S2580","Olive Oil","2016","2016","kg/cap","2.8","E","Estimated value",""
"FBS","Food Balances (2010-)","788","Tunisia","664","Food supply (kcal/capita/day)","S2580","Olive Oil","2016","2016","kcal/cap/d","69.03","E","Estimated value",""
"FBS","Food Balances (2010-)","788","Tunisia","661","Food supply (kcal)","S2580","Olive Oil","2016","2016","million Kcal","290458.34","I","Value imputed by a receiving agency",""
"FBS","Food Balances (2010-)","788","Tunisia","674","Protein supply quantity (g/capita/day)","S2580","Olive Oil","2016","2016","g/cap/d","0","E","Estimated value",""
"FBS","Food Balances (2010-)","788","Tunisia","671","Protein supply quantity (t)","S2580","Olive Oil","2016","2016","t","0","I","Value imputed by a receiving agency",""
"FBS","Food Balances (2010-)","788","Tunisia","684","Fat supply quantity (g/capita/day)","S2580","Olive Oil","2016","2016","g/cap/d","7.66","E","Estimated value",""
"FBS","Food Balances (2010-)","788","Tunisia","681","Fat supply quantity (t)","S2580","Olive Oil","2016","2016","t","32244.03","I","Value imputed by a receiving agency",""
"FBS","Food Balances (2010-)","788","Tunisia","5511","Production","S2580","Olive Oil","2017","2017","1000 t","173","I","Value imputed by a receiving agency",""
"FBS","Food Balances (2010-)","788","Tunisia","5611","Import quantity","S2580","Olive Oil","2017","2017","1000 t","3","I","Value imputed by a receiving agency",""
"FBS","Food Balances (2010-)","788","Tunisia","5072","Stock Variation","S2580","Olive Oil","2017","2017","1000 t","0","I","Value imputed by a receiving agency",""
"FBS","Food Balances (2010-)","788","Tunisia","5911","Export quantity","S2580","Olive Oil","2017","2017","1000 t","115","I","Value imputed by a receiving agency",""
"FBS","Food Balances (2010-)","788","Tunisia","5301","Domestic supply quantity","S2580","Olive Oil","2017","2017","1000 t","60","I","Value imputed by a receiving agency",""
"FBS","Food Balances (2010-)","788","Tunisia","5154","Other uses (non-food)","S2580","Olive Oil","2017","2017","1000 t","0","I","Value imputed by a receiving agency",""
"FBS","Food Balances (2010-)","788","Tunisia","5170","Residuals","S2580","Olive Oil","2017","2017","1000 t","27","I","Value imputed by a receiving agency",""
"FBS","Food Balances (2010-)","788","Tunisia","5142","Food","S2580","Olive Oil","2017","2017","1000 t","33","I","Value imputed by a receiving agency",""
"FBS","Food Balances (2010-)","788","Tunisia","645","Food supply quantity (kg/capita/yr)","S2580","Olive Oil","2017","2017","kg/cap","2.79","E","Estimated value",""
"FBS","Food Balances (2010-)","788","Tunisia","664","Food supply (kcal/capita/day)","S2580","Olive Oil","2017","2017","kcal/cap/d","68.78","E","Estimated value",""
"FBS","Food Balances (2010-)","788","Tunisia","661","Food supply (kcal)","S2580","Olive Oil","2017","2017","million Kcal","292495.56","I","Value imputed by a receiving agency",""
"FBS","Food Balances (2010-)","788","Tunisia","674","Protein supply quantity (g/capita/day)","S2580","Olive Oil","2017","2017","g/cap/d","0","E","Estimated value",""
"FBS","Food Balances (2010-)","788","Tunisia","671","Protein supply quantity (t)","S2580","Olive Oil","2017","2017","t","0","I","Value imputed by a receiving agency",""
"FBS","Food Balances (2010-)","788","Tunisia","684","Fat supply quantity (g/capita/day)","S2580","Olive Oil","2017","2017","g/cap/d","7.64","E","Estimated value",""
"FBS","Food Balances (2010-)","788","Tunisia","681","Fat supply quantity (t)","S2580","Olive Oil","2017","2017","t","32470.02","I","Value imputed by a receiving agency",""
"FBS","Food Balances (2010-)","788","Tunisia","5511","Production","S2580","Olive Oil","2018","2018","1000 t","293","I","Value imputed by a receiving agency",""
"FBS","Food Balances (2010-)","788","Tunisia","5611","Import quantity","S2580","Olive Oil","2018","2018","1000 t","3","I","Value imputed by a receiving agency",""
"FBS","Food Balances (2010-)","788","Tunisia","5072","Stock Variation","S2580","Olive Oil","2018","2018","1000 t","0","I","Value imputed by a receiving agency",""
"FBS","Food Balances (2010-)","788","Tunisia","5911","Export quantity","S2580","Olive Oil","2018","2018","1000 t","243","I","Value imputed by a receiving agency",""
"FBS","Food Balances (2010-)","788","Tunisia","5301","Domestic supply quantity","S2580","Olive Oil","2018","2018","1000 t","53","I","Value imputed by a receiving agency",""
"FBS","Food Balances (2010-)","788","Tunisia","5154","Other uses (non-food)","S2580","Olive Oil","2018","2018","1000 t","0","I","Value imputed by a receiving agency",""
"FBS","Food Balances (2010-)","788","Tunisia","5170","Residuals","S2580","Olive Oil","2018","2018","1000 t","0","I","Value imputed by a receiving agency",""
"FBS","Food Balances (2010-)","788","Tunisia","5142","Food","S2580","Olive Oil","2018","2018","1000 t","52","I","Value imputed by a receiving agency",""
"FBS","Food Balances (2010-)","788","Tunisia","645","Food supply quantity (kg/capita/yr)","S2580","Olive Oil","2018","2018","kg/cap","4.46","E","Estimated value",""
"FBS","Food Balances (2010-)","788","Tunisia","664","Food supply (kcal/capita/day)","S2580","Olive Oil","2018","2018","kcal/cap/d","109.9","E","Estimated value",""
"FBS","Food Balances (2010-)","788","Tunisia","661","Food supply (kcal)","S2580","Olive Oil","2018","2018","million Kcal","471970.87","I","Value imputed by a receiving agency",""
"FBS","Food Balances (2010-)","788","Tunisia","674","Protein supply quantity (g/capita/day)","S2580","Olive Oil","2018","2018","g/cap/d","0","E","Estimated value",""
"FBS","Food Balances (2010-)","788","Tunisia","671","Protein supply quantity (t)","S2580","Olive Oil","2018","2018","t","0","I","Value imputed by a receiving agency",""
"FBS","Food Balances (2010-)","788","Tunisia","684","Fat supply quantity (g/capita/day)","S2580","Olive Oil","2018","2018","g/cap/d","12.2","E","Estimated value",""
"FBS","Food Balances (2010-)","788","Tunisia","681","Fat supply quantity (t)","S2580","Olive Oil","2018","2018","t","52392.12","I","Value imputed by a receiving agency",""
"FBS","Food Balances (2010-)","788","Tunisia","5511","Production","S2580","Olive Oil","2019","2019","1000 t","253","I","Value imputed by a receiving agency",""
"FBS","Food Balances (2010-)","788","Tunisia","5611","Import quantity","S2580","Olive Oil","2019","2019","1000 t","2","I","Value imputed by a receiving agency",""
"FBS","Food Balances (2010-)","788","Tunisia","5072","Stock Variation","S2580","Olive Oil","2019","2019","1000 t","18","I","Value imputed by a receiving agency",""
"FBS","Food Balances (2010-)","788","Tunisia","5911","Export quantity","S2580","Olive Oil","2019","2019","1000 t","174","I","Value imputed by a receiving agency",""
"FBS","Food Balances (2010-)","788","Tunisia","5301","Domestic supply quantity","S2580","Olive Oil","2019","2019","1000 t","63","I","Value imputed by a receiving agency",""
"FBS","Food Balances (2010-)","788","Tunisia","5154","Other uses (non-food)","S2580","Olive Oil","2019","2019","1000 t","0","I","Value imputed by a receiving agency",""
"FBS","Food Balances (2010-)","788","Tunisia","5170","Residuals","S2580","Olive Oil","2019","2019","1000 t","0","I","Value imputed by a receiving agency",""
"FBS","Food Balances (2010-)","788","Tunisia","5142","Food","S2580","Olive Oil","2019","2019","1000 t","62","I","Value imputed by a receiving agency",""
"FBS","Food Balances (2010-)","788","Tunisia","645","Food supply quantity (kg/capita/yr)","S2580","Olive Oil","2019","2019","kg/cap","5.24","E","Estimated value",""
"FBS","Food Balances (2010-)","788","Tunisia","664","Food supply (kcal/capita/day)","S2580","Olive Oil","2019","2019","kcal/cap/d","129.24","E","Estimated value",""
"FBS","Food Balances (2010-)","788","Tunisia","661","Food supply (kcal)","S2580","Olive Oil","2019","2019","million Kcal","560195.51","I","Value imputed by a receiving agency",""
"FBS","Food Balances (2010-)","788","Tunisia","674","Protein supply quantity (g/capita/day)","S2580","Olive Oil","2019","2019","g/cap/d","0","E","Estimated value",""
"FBS","Food Balances (2010-)","788","Tunisia","671","Protein supply quantity (t)","S2580","Olive Oil","2019","2019","t","0","I","Value imputed by a receiving agency",""
"FBS","Food Balances (2010-)","788","Tunisia","684","Fat supply quantity (g/capita/day)","S2580","Olive Oil","2019","2019","g/cap/d","14.35","E","Estimated value",""
"FBS","Food Balances (2010-)","788","Tunisia","681","Fat supply quantity (t)","S2580","Olive Oil","2019","2019","t","62185.37","I","Value imputed by a receiving agency",""
"FBS","Food Balances (2010-)","788","Tunisia","5511","Production","S2580","Olive Oil","2020","2020","1000 t","415","I","Value imputed by a receiving agency",""
"FBS","Food Balances (2010-)","788","Tunisia","5611","Import quantity","S2580","Olive Oil","2020","2020","1000 t","3","I","Value imputed by a receiving agency",""
"FBS","Food Balances (2010-)","788","Tunisia","5072","Stock Variation","S2580","Olive Oil","2020","2020","1000 t","-16","I","Value imputed by a receiving agency",""
"FBS","Food Balances (2010-)","788","Tunisia","5911","Export quantity","S2580","Olive Oil","2020","2020","1000 t","381","I","Value imputed by a receiving agency",""
"FBS","Food Balances (2010-)","788","Tunisia","5301","Domestic supply quantity","S2580","Olive Oil","2020","2020","1000 t","53","I","Value imputed by a receiving agency",""
"FBS","Food Balances (2010-)","788","Tunisia","5154","Other uses (non-food)","S2580","Olive Oil","2020","2020","1000 t","0","I","Value imputed by a receiving agency",""
"FBS","Food Balances (2010-)","788","Tunisia","5170","Residuals","S2580","Olive Oil","2020","2020","1000 t","0","I","Value imputed by a receiving agency",""
"FBS","Food Balances (2010-)","788","Tunisia","5142","Food","S2580","Olive Oil","2020","2020","1000 t","53","I","Value imputed by a receiving agency",""
"FBS","Food Balances (2010-)","788","Tunisia","645","Food supply quantity (kg/capita/yr)","S2580","Olive Oil","2020","2020","kg/cap","4.45","E","Estimated value",""
"FBS","Food Balances (2010-)","788","Tunisia","664","Food supply (kcal/capita/day)","S2580","Olive Oil","2020","2020","kcal/cap/d","109.8","E","Estimated value",""
"FBS","Food Balances (2010-)","788","Tunisia","661","Food supply (kcal)","S2580","Olive Oil","2020","2020","million Kcal","479863.11","I","Value imputed by a receiving agency",""
"FBS","Food Balances (2010-)","788","Tunisia","674","Protein supply quantity (g/capita/day)","S2580","Olive Oil","2020","2020","g/cap/d","0","E","Estimated value",""
"FBS","Food Balances (2010-)","788","Tunisia","671","Protein supply quantity (t)","S2580","Olive Oil","2020","2020","t","0","I","Value imputed by a receiving agency",""
"FBS","Food Balances (2010-)","788","Tunisia","684","Fat supply quantity (g/capita/day)","S2580","Olive Oil","2020","2020","g/cap/d","12.19","E","Estimated value",""
"FBS","Food Balances (2010-)","788","Tunisia","681","Fat supply quantity (t)","S2580","Olive Oil","2020","2020","t","53265.07","I","Value imputed by a receiving agency",""
"FBS","Food Balances (2010-)","788","Tunisia","5511","Production","S2580","Olive Oil","2021","2021","1000 t","153","I","Value imputed by a receiving agency",""
"FBS","Food Balances (2010-)","788","Tunisia","5611","Import quantity","S2580","Olive Oil","2021","2021","1000 t","1","I","Value imputed by a receiving agency",""
"FBS","Food Balances (2010-)","788","Tunisia","5072","Stock Variation","S2580","Olive Oil","2021","2021","1000 t","-79","I","Value imputed by a receiving agency",""
"FBS","Food Balances (2010-)","788","Tunisia","5911","Export quantity","S2580","Olive Oil","2021","2021","1000 t","201","I","Value imputed by a receiving agency",""
"FBS","Food Balances (2010-)","788","Tunisia","5301","Domestic supply quantity","S2580","Olive Oil","2021","2021","1000 t","32","I","Value imputed by a receiving agency",""
"FBS","Food Balances (2010-)","788","Tunisia","5170","Residuals","S2580","Olive Oil","2021","2021","1000 t","-8","I","Value imputed by a receiving agency",""
"FBS","Food Balances (2010-)","788","Tunisia","5142","Food","S2580","Olive Oil","2021","2021","1000 t","41","I","Value imputed by a receiving agency",""
"FBS","Food Balances (2010-)","788","Tunisia","645","Food supply quantity (kg/capita/yr)","S2580","Olive Oil","2021","2021","kg/cap","3.37","E","Estimated value",""
"FBS","Food Balances (2010-)","788","Tunisia","664","Food supply (kcal/capita/day)","S2580","Olive Oil","2021","2021","kcal/cap/d","83.16","E","Estimated value",""
"FBS","Food Balances (2010-)","788","Tunisia","661","Food supply (kcal)","S2580","Olive Oil","2021","2021","million Kcal","365706","I","Value imputed by a receiving agency",""
"FBS","Food Balances (2010-)","788","Tunisia","674","Protein supply quantity (g/capita/day)","S2580","Olive Oil","2021","2021","g/cap/d","0","E","Estimated value",""
"FBS","Food Balances (2010-)","788","Tunisia","671","Protein supply quantity (t)","S2580","Olive Oil","2021","2021","t","0","I","Value imputed by a receiving agency",""
"FBS","Food Balances (2010-)","788","Tunisia","684","Fat supply quantity (g/capita/day)","S2580","Olive Oil","2021","2021","g/cap/d","9.23","E","Estimated value",""
"FBS","Food Balances (2010-)","788","Tunisia","681","Fat supply quantity (t)","S2580","Olive Oil","2021","2021","t","40593.37","I","Value imputed by a receiving agency",""
"FBS","Food Balances (2010-)","788","Tunisia","5511","Production","S2580","Olive Oil","2022","2022","1000 t","249","I","Value imputed by a receiving agency",""
"FBS","Food Balances (2010-)","788","Tunisia","5611","Import quantity","S2580","Olive Oil","2022","2022","1000 t","0","I","Value imputed by a receiving agency",""
"FBS","Food Balances (2010-)","788","Tunisia","5072","Stock Variation","S2580","Olive Oil","2022","2022","1000 t","1","I","Value imputed by a receiving agency",""
"FBS","Food Balances (2010-)","788","Tunisia","5911","Export quantity","S2580","Olive Oil","2022","2022","1000 t","218","I","Value imputed by a receiving agency",""
"FBS","Food Balances (2010-)","788","Tunisia","5301","Domestic supply quantity","S2580","Olive Oil","2022","2022","1000 t","31","I","Value imputed by a receiving agency",""
"FBS","Food Balances (2010-)","788","Tunisia","5154","Other uses (non-food)","S2580","Olive Oil","2022","2022","1000 t","0","I","Value imputed by a receiving agency",""
"FBS","Food Balances (2010-)","788","Tunisia","5170","Residuals","S2580","Olive Oil","2022","2022","1000 t","0","I","Value imputed by a receiving agency",""
"FBS","Food Balances (2010-)","788","Tunisia","5142","Food","S2580","Olive Oil","2022","2022","1000 t","31","I","Value imputed by a receiving agency",""
"FBS","Food Balances (2010-)","788","Tunisia","645","Food supply quantity (kg/capita/yr)","S2580","Olive Oil","2022","2022","kg/cap","2.53","E","Estimated value",""
"FBS","Food Balances (2010-)","788","Tunisia","664","Food supply (kcal/capita/day)","S2580","Olive Oil","2022","2022","kcal/cap/d","62.3","E","Estimated value",""
"FBS","Food Balances (2010-)","788","Tunisia","661","Food supply (kcal)","S2580","Olive Oil","2022","2022","million Kcal","275608.94","I","Value imputed by a receiving agency",""
"FBS","Food Balances (2010-)","788","Tunisia","674","Protein supply quantity (g/capita/day)","S2580","Olive Oil","2022","2022","g/cap/d","0","E","Estimated value",""
"FBS","Food Balances (2010-)","788","Tunisia","671","Protein supply quantity (t)","S2580","Olive Oil","2022","2022","t","0","I","Value imputed by a receiving agency",""
"FBS","Food Balances (2010-)","788","Tunisia","684","Fat supply quantity (g/capita/day)","S2580","Olive Oil","2022","2022","g/cap/d","6.92","E","Estimated value",""
"FBS","Food Balances (2010-)","788","Tunisia","681","Fat supply quantity (t)","S2580","Olive Oil","2022","2022","t","30592.59","I","Value imputed by a receiving agency",""
"FBS","Food Balances (2010-)","788","Tunisia","5511","Production","S2580","Olive Oil","2023","2023","1000 t","219","I","Value imputed by a receiving agency",""
"FBS","Food Balances (2010-)","788","Tunisia","5611","Import quantity","S2580","Olive Oil","2023","2023","1000 t","2","I","Value imputed by a receiving agency",""
"FBS","Food Balances (2010-)","788","Tunisia","5072","Stock Variation","S2580","Olive Oil","2023","2023","1000 t","-20","I","Value imputed by a receiving agency",""
"FBS","Food Balances (2010-)","788","Tunisia","5911","Export quantity","S2580","Olive Oil","2023","2023","1000 t","171","I","Value imputed by a receiving agency",""
"FBS","Food Balances (2010-)","788","Tunisia","5301","Domestic supply quantity","S2580","Olive Oil","2023","2023","1000 t","70","I","Value imputed by a receiving agency",""
"FBS","Food Balances (2010-)","788","Tunisia","5170","Residuals","S2580","Olive Oil","2023","2023","1000 t","-1","I","Value imputed by a receiving agency",""
"FBS","Food Balances (2010-)","788","Tunisia","5142","Food","S2580","Olive Oil","2023","2023","1000 t","71","I","Value imputed by a receiving agency",""
"FBS","Food Balances (2010-)","788","Tunisia","645","Food supply quantity (kg/capita/yr)","S2580","Olive Oil","2023","2023","kg/cap","5.8","E","Estimated value",""
"FBS","Food Balances (2010-)","788","Tunisia","664","Food supply (kcal/capita/day)","S2580","Olive Oil","2023","2023","kcal/cap/d","143.03","E","Estimated value",""
"FBS","Food Balances (2010-)","788","Tunisia","661","Food supply (kcal)","S2580","Olive Oil","2023","2023","million Kcal","636918.03","I","Value imputed by a receiving agency",""
"FBS","Food Balances (2010-)","788","Tunisia","674","Protein supply quantity (g/capita/day)","S2580","Olive Oil","2023","2023","g/cap/d","0","E","Estimated value",""
"FBS","Food Balances (2010-)","788","Tunisia","671","Protein supply quantity (t)","S2580","Olive Oil","2023","2023","t","0","I","Value imputed by a receiving agency",""
"FBS","Food Balances (2010-)","788","Tunisia","684","Fat supply quantity (g/capita/day)","S2580","Olive Oil","2023","2023","g/cap/d","15.88","E","Estimated value",""
"FBS","Food Balances (2010-)","788","Tunisia","681","Fat supply quantity (t)","S2580","Olive Oil","2023","2023","t","70697.9","I","Value imputed by a receiving agency",""
